{"cameraMode":{"drawMode":0,"name":"Shaded","section":"Shading Mode"},"sceneLighting":true,"audioPlay":false,"sceneViewState":{"m_AlwaysRefresh":false,"showFog":true,"showSkybox":true,"showFlares":true,"showImageEffects":true,"showParticleSystems":true,"showVisualEffectGraphs":true,"m_FxEnabled":true},"in2DMode":false,"pivot":{"x":-2.1101064682006838,"y":2.050407886505127,"z":1.5341522693634034},"rotation":{"x":-0.06385542452335358,"y":0.33375659584999087,"z":-0.022664722055196763,"w":-0.9402322173118591},"size":6.637083530426025,"orthographic":false}